wrestler1,wrestler2,home_wrestler,away_wrestler,logreg_pred,logreg_home_prob,logreg_away_prob,logreg_winner,logreg_winner_prob,dt_pred,dt_home_prob,dt_away_prob,dt_winner,dt_winner_prob,xgb1_pred,xgb1_home_prob,xgb1_away_prob,xgb1_winner,xgb1_winner_prob,xgb2_pred,xgb2_home_prob,xgb2_away_prob,xgb2_winner,xgb2_winner_prob,weight_class,all_agree,avg_confidence
Eddie Ventresca,Kysen Terukina,Eddie Ventresca,Kysen Terukina,1,0.5813,0.4187,Eddie Ventresca,0.5813,1,0.6111,0.3889,Eddie Ventresca,0.6111,1,0.623,0.377,Eddie Ventresca,0.623,1,0.8076,0.1924,Eddie Ventresca,0.8076,125,True,0.6557500117778778
Eddie Ventresca,Tyler Chappell,Eddie Ventresca,Tyler Chappell,1,0.7456,0.2544,Eddie Ventresca,0.7456,1,0.746,0.254,Eddie Ventresca,0.746,1,0.8499,0.1501,Eddie Ventresca,0.8499,1,0.9109,0.0891,Eddie Ventresca,0.9109,125,True,0.813100001001358
Eddie Ventresca,Vincent Robinson,Eddie Ventresca,Vincent Robinson,1,0.5276,0.4724,Eddie Ventresca,0.5276,1,0.6111,0.3889,Eddie Ventresca,0.6111,1,0.6343,0.3657,Eddie Ventresca,0.6343,1,0.6695,0.3305,Eddie Ventresca,0.6695,125,True,0.6106249967098236
Eddie Ventresca,Keyveon Roller,Eddie Ventresca,Keyveon Roller,1,0.6148,0.3852,Eddie Ventresca,0.6148,1,0.746,0.254,Eddie Ventresca,0.746,1,0.6353,0.3647,Eddie Ventresca,0.6353,1,0.8324,0.1676,Eddie Ventresca,0.8324,125,True,0.7071250011444092
Eddie Ventresca,Spencer Von Savoye,Eddie Ventresca,Spencer Von Savoye,1,0.8109,0.1891,Eddie Ventresca,0.8109,1,0.8898,0.1102,Eddie Ventresca,0.8898,1,0.9165,0.0835,Eddie Ventresca,0.9165,1,0.9725,0.0275,Eddie Ventresca,0.9725,125,True,0.8974249996423721
Eddie Ventresca,Nico Provo,Eddie Ventresca,Nico Provo,1,0.5987,0.4013,Eddie Ventresca,0.5987,1,0.746,0.254,Eddie Ventresca,0.746,1,0.7268,0.2732,Eddie Ventresca,0.7268,1,0.7198,0.2802,Eddie Ventresca,0.7198,125,True,0.6978250049829483
Kysen Terukina,Tyler Chappell,Kysen Terukina,Tyler Chappell,1,0.6807,0.3193,Kysen Terukina,0.6807,1,0.746,0.254,Kysen Terukina,0.746,1,0.7248,0.2752,Kysen Terukina,0.7248,1,0.607,0.393,Kysen Terukina,0.607,125,True,0.6896249959945678
Kysen Terukina,Vincent Robinson,Vincent Robinson,Kysen Terukina,1,0.5567,0.4433,Vincent Robinson,0.5567,1,0.6111,0.3889,Vincent Robinson,0.6111,1,0.6822,0.3178,Vincent Robinson,0.6822,1,0.8054,0.1946,Vincent Robinson,0.8054,125,True,0.6638500071287154
Kysen Terukina,Keyveon Roller,Kysen Terukina,Keyveon Roller,1,0.5373,0.4627,Kysen Terukina,0.5373,0,0.469,0.531,Keyveon Roller,0.531,1,0.5312,0.4688,Kysen Terukina,0.5312,1,0.6694,0.3306,Kysen Terukina,0.6694,125,False,0.567224992108345
Kysen Terukina,Spencer Von Savoye,Kysen Terukina,Spencer Von Savoye,1,0.7574,0.2426,Kysen Terukina,0.7574,1,0.8898,0.1102,Kysen Terukina,0.8898,1,0.8543,0.1457,Kysen Terukina,0.8543,1,0.9532,0.0468,Kysen Terukina,0.9532,125,True,0.8636750011920928
Kysen Terukina,Nico Provo,Nico Provo,Kysen Terukina,0,0.4846,0.5154,Kysen Terukina,0.5154,1,0.6111,0.3889,Nico Provo,0.6111,0,0.4999,0.5001,Kysen Terukina,0.5001,1,0.6287,0.3713,Nico Provo,0.6287,125,False,0.5638250086307526
Tyler Chappell,Vincent Robinson,Vincent Robinson,Tyler Chappell,1,0.7261,0.2739,Vincent Robinson,0.7261,1,0.746,0.254,Vincent Robinson,0.746,1,0.8434,0.1566,Vincent Robinson,0.8434,1,0.8128,0.1872,Vincent Robinson,0.8128,125,True,0.7820749979257584
Tyler Chappell,Keyveon Roller,Keyveon Roller,Tyler Chappell,1,0.6497,0.3503,Keyveon Roller,0.6497,1,0.746,0.254,Keyveon Roller,0.746,1,0.748,0.252,Keyveon Roller,0.748,1,0.6103,0.3897,Keyveon Roller,0.6103,125,True,0.688500007557869
Tyler Chappell,Spencer Von Savoye,Tyler Chappell,Spencer Von Savoye,1,0.5966,0.4034,Tyler Chappell,0.5966,1,0.6111,0.3889,Tyler Chappell,0.6111,1,0.8127,0.1873,Tyler Chappell,0.8127,1,0.9365,0.0635,Tyler Chappell,0.9365,125,True,0.7392249966144562
Tyler Chappell,Nico Provo,Nico Provo,Tyler Chappell,1,0.6649,0.3351,Nico Provo,0.6649,1,0.746,0.254,Nico Provo,0.746,1,0.6846,0.3154,Nico Provo,0.6846,1,0.6429,0.3571,Nico Provo,0.6429,125,True,0.6845999964237213
Vincent Robinson,Keyveon Roller,Vincent Robinson,Keyveon Roller,1,0.5908,0.4092,Vincent Robinson,0.5908,1,0.6111,0.3889,Vincent Robinson,0.6111,1,0.6813,0.3187,Vincent Robinson,0.6813,1,0.7609,0.2391,Vincent Robinson,0.7609,125,True,0.6610250012636185
Vincent Robinson,Spencer Von Savoye,Vincent Robinson,Spencer Von Savoye,1,0.7951,0.2049,Vincent Robinson,0.7951,1,0.8898,0.1102,Vincent Robinson,0.8898,1,0.916,0.084,Vincent Robinson,0.916,1,0.9649,0.0351,Vincent Robinson,0.9649,125,True,0.8914500063419342
Vincent Robinson,Nico Provo,Vincent Robinson,Nico Provo,1,0.5744,0.4256,Vincent Robinson,0.5744,1,0.6111,0.3889,Vincent Robinson,0.6111,1,0.7019,0.2981,Vincent Robinson,0.7019,1,0.7137,0.2863,Vincent Robinson,0.7137,125,True,0.6502750004529954
Keyveon Roller,Spencer Von Savoye,Keyveon Roller,Spencer Von Savoye,1,0.7308,0.2692,Keyveon Roller,0.7308,1,0.8898,0.1102,Keyveon Roller,0.8898,1,0.8913,0.1087,Keyveon Roller,0.8913,1,0.9715,0.0285,Keyveon Roller,0.9715,125,True,0.8708500005245209
Keyveon Roller,Nico Provo,Nico Provo,Keyveon Roller,1,0.5194,0.4806,Nico Provo,0.5194,0,0.469,0.531,Keyveon Roller,0.531,0,0.3968,0.6032,Keyveon Roller,0.6032,1,0.7837,0.2163,Nico Provo,0.7837,125,False,0.6093250019311904
Spencer Von Savoye,Nico Provo,Nico Provo,Spencer Von Savoye,1,0.7439,0.2561,Nico Provo,0.7439,1,0.8898,0.1102,Nico Provo,0.8898,1,0.8458,0.1542,Nico Provo,0.8458,1,0.9411,0.0589,Nico Provo,0.9411,125,True,0.855149995970726
Aaron Seidel,Evan Tallmadge,Aaron Seidel,Evan Tallmadge,1,0.6245,0.3755,Aaron Seidel,0.6245,1,0.746,0.254,Aaron Seidel,0.746,1,0.6897,0.3103,Aaron Seidel,0.6897,1,0.7155,0.2845,Aaron Seidel,0.7155,133,True,0.6939250011444091
Aaron Seidel,Ethan Oakley,Aaron Seidel,Ethan Oakley,1,0.66,0.34,Aaron Seidel,0.66,1,0.8898,0.1102,Aaron Seidel,0.8898,1,0.7981,0.2019,Aaron Seidel,0.7981,1,0.8741,0.1259,Aaron Seidel,0.8741,133,True,0.8055000060319901
Aaron Seidel,Zach Redding,Aaron Seidel,Zach Redding,1,0.6096,0.3904,Aaron Seidel,0.6096,1,0.746,0.254,Aaron Seidel,0.746,1,0.6862,0.3138,Aaron Seidel,0.6862,1,0.6155,0.3845,Aaron Seidel,0.6155,133,True,0.664324998998642
Aaron Seidel,Marlon Yarbrough,Aaron Seidel,Marlon Yarbrough,1,0.7699,0.2301,Aaron Seidel,0.7699,1,0.8898,0.1102,Aaron Seidel,0.8898,1,0.8563,0.1437,Aaron Seidel,0.8563,1,0.9305,0.0695,Aaron Seidel,0.9305,133,True,0.8616249918222427
Aaron Seidel,Riley Rowan,Aaron Seidel,Riley Rowan,1,0.8146,0.1854,Aaron Seidel,0.8146,1,0.8898,0.1102,Aaron Seidel,0.8898,1,0.7979,0.2021,Aaron Seidel,0.7979,1,0.8937,0.1063,Aaron Seidel,0.8937,133,True,0.8490000061750412
Aaron Seidel,Tyler Knox,Aaron Seidel,Tyler Knox,0,0.4846,0.5154,Tyler Knox,0.5154,1,0.6111,0.3889,Aaron Seidel,0.6111,1,0.617,0.383,Aaron Seidel,0.617,1,0.6208,0.3792,Aaron Seidel,0.6208,133,False,0.5910750005245209
Evan Tallmadge,Ethan Oakley,Ethan Oakley,Evan Tallmadge,0,0.464,0.536,Evan Tallmadge,0.536,0,0.2529,0.7471,Evan Tallmadge,0.7471,0,0.4552,0.5448,Evan Tallmadge,0.5448,0,0.3544,0.6456,Evan Tallmadge,0.6456,133,True,0.6183750010967255
Evan Tallmadge,Zach Redding,Zach Redding,Evan Tallmadge,1,0.5183,0.4817,Zach Redding,0.5183,1,0.6111,0.3889,Zach Redding,0.6111,1,0.7139,0.2861,Zach Redding,0.7139,1,0.7538,0.2462,Zach Redding,0.7538,133,True,0.6492750011444092
Evan Tallmadge,Marlon Yarbrough,Marlon Yarbrough,Evan Tallmadge,0,0.3343,0.6657,Evan Tallmadge,0.6657,0,0.1438,0.8562,Evan Tallmadge,0.8562,0,0.2054,0.7946,Evan Tallmadge,0.7946,0,0.1069,0.8931,Evan Tallmadge,0.8931,133,True,0.8024000082969666
Evan Tallmadge,Riley Rowan,Evan Tallmadge,Riley Rowan,1,0.7274,0.2726,Evan Tallmadge,0.7274,1,0.8898,0.1102,Evan Tallmadge,0.8898,1,0.8631,0.1369,Evan Tallmadge,0.8631,1,0.9575,0.0425,Evan Tallmadge,0.9575,133,True,0.8594499933004379
Evan Tallmadge,Tyler Knox,Tyler Knox,Evan Tallmadge,1,0.6412,0.3588,Tyler Knox,0.6412,0,0.469,0.531,Evan Tallmadge,0.531,1,0.519,0.481,Tyler Knox,0.519,1,0.6477,0.3523,Tyler Knox,0.6477,133,False,0.5847250013828278
Ethan Oakley,Zach Redding,Ethan Oakley,Zach Redding,0,0.4483,0.5517,Zach Redding,0.5517,0,0.2529,0.7471,Zach Redding,0.7471,0,0.3886,0.6114,Zach Redding,0.6114,0,0.2175,0.7825,Zach Redding,0.7825,133,True,0.6731750092029571
Ethan Oakley,Marlon Yarbrough,Ethan Oakley,Marlon Yarbrough,1,0.6352,0.3648,Ethan Oakley,0.6352,1,0.746,0.254,Ethan Oakley,0.746,1,0.7773,0.2227,Ethan Oakley,0.7773,1,0.803,0.197,Ethan Oakley,0.803,133,True,0.7403749933719634
Ethan Oakley,Riley Rowan,Ethan Oakley,Riley Rowan,1,0.6957,0.3043,Ethan Oakley,0.6957,1,0.8898,0.1102,Ethan Oakley,0.8898,1,0.8585,0.1415,Ethan Oakley,0.8585,1,0.9478,0.0522,Ethan Oakley,0.9478,133,True,0.8479499961137772
Ethan Oakley,Tyler Knox,Tyler Knox,Ethan Oakley,1,0.676,0.324,Tyler Knox,0.676,1,0.746,0.254,Tyler Knox,0.746,1,0.6397,0.3603,Tyler Knox,0.6397,1,0.7152,0.2848,Tyler Knox,0.7152,133,True,0.6942250006198883
Zach Redding,Marlon Yarbrough,Zach Redding,Marlon Yarbrough,1,0.684,0.316,Zach Redding,0.684,1,0.8898,0.1102,Zach Redding,0.8898,1,0.8631,0.1369,Zach Redding,0.8631,1,0.8916,0.1084,Zach Redding,0.8916,133,True,0.8321250012636185
Zach Redding,Riley Rowan,Zach Redding,Riley Rowan,1,0.7397,0.2603,Zach Redding,0.7397,1,0.8898,0.1102,Zach Redding,0.8898,1,0.8831,0.1169,Zach Redding,0.8831,1,0.9333,0.0667,Zach Redding,0.9333,133,True,0.8614749978780747
Zach Redding,Tyler Knox,Tyler Knox,Zach Redding,1,0.6266,0.3734,Tyler Knox,0.6266,0,0.2529,0.7471,Zach Redding,0.7471,0,0.4011,0.5989,Zach Redding,0.5989,0,0.3864,0.6136,Zach Redding,0.6136,133,False,0.6465500089406967
Marlon Yarbrough,Riley Rowan,Marlon Yarbrough,Riley Rowan,1,0.5701,0.4299,Marlon Yarbrough,0.5701,1,0.6111,0.3889,Marlon Yarbrough,0.6111,1,0.6383,0.3617,Marlon Yarbrough,0.6383,1,0.8331,0.1669,Marlon Yarbrough,0.8331,133,True,0.6631500056266785
Marlon Yarbrough,Tyler Knox,Tyler Knox,Marlon Yarbrough,1,0.7824,0.2176,Tyler Knox,0.7824,1,0.746,0.254,Tyler Knox,0.746,1,0.8764,0.1236,Tyler Knox,0.8764,1,0.9302,0.0698,Tyler Knox,0.9302,133,True,0.8337499936580658
Riley Rowan,Tyler Knox,Tyler Knox,Riley Rowan,1,0.8252,0.1748,Tyler Knox,0.8252,1,0.8898,0.1102,Tyler Knox,0.8898,1,0.8923,0.1077,Tyler Knox,0.8923,1,0.9616,0.0384,Tyler Knox,0.9616,133,True,0.8922250038385391
Jack Consiglio,Tom Crook,Tom Crook,Jack Consiglio,0,0.3854,0.6146,Jack Consiglio,0.6146,0,0.4305,0.5695,Jack Consiglio,0.5695,1,0.6005,0.3995,Tom Crook,0.6005,1,0.662,0.338,Tom Crook,0.662,141,False,0.6116499970197677
Jack Consiglio,Briar Priest,Jack Consiglio,Briar Priest,1,0.5314,0.4686,Jack Consiglio,0.5314,0,0.469,0.531,Briar Priest,0.531,0,0.476,0.524,Briar Priest,0.524,1,0.5131,0.4869,Jack Consiglio,0.5131,141,False,0.5248750042676926
Jack Consiglio,Ryan Jack,Jack Consiglio,Ryan Jack,0,0.4857,0.5143,Ryan Jack,0.5143,0,0.2529,0.7471,Ryan Jack,0.7471,0,0.3675,0.6325,Ryan Jack,0.6325,0,0.2831,0.7169,Ryan Jack,0.7169,141,True,0.652699995970726
Jack Consiglio,Gable Porter,Jack Consiglio,Gable Porter,0,0.4408,0.5592,Gable Porter,0.5592,0,0.469,0.531,Gable Porter,0.531,0,0.319,0.681,Gable Porter,0.681,1,0.6052,0.3948,Jack Consiglio,0.6052,141,False,0.5940999967336655
Jack Consiglio,Raymond Adams,Jack Consiglio,Raymond Adams,1,0.7372,0.2628,Jack Consiglio,0.7372,1,0.746,0.254,Jack Consiglio,0.746,1,0.7934,0.2066,Jack Consiglio,0.7934,1,0.9014,0.0986,Jack Consiglio,0.9014,141,True,0.7945000048160553
Jack Consiglio,Luke Simcox,Jack Consiglio,Luke Simcox,1,0.546,0.454,Jack Consiglio,0.546,1,0.6111,0.3889,Jack Consiglio,0.6111,1,0.6331,0.3669,Jack Consiglio,0.6331,1,0.655,0.345,Jack Consiglio,0.655,141,True,0.6112999861478805
Tom Crook,Briar Priest,Tom Crook,Briar Priest,0,0.4131,0.5869,Briar Priest,0.5869,1,0.6111,0.3889,Tom Crook,0.6111,1,0.5323,0.4677,Tom Crook,0.5323,1,0.6763,0.3237,Tom Crook,0.6763,141,False,0.6016499961614609
Tom Crook,Ryan Jack,Tom Crook,Ryan Jack,0,0.3695,0.6305,Ryan Jack,0.6305,0,0.3,0.7,Ryan Jack,0.7,0,0.3472,0.6528,Ryan Jack,0.6528,0,0.1813,0.8187,Ryan Jack,0.8187,141,True,0.7005000097751617
Tom Crook,Gable Porter,Tom Crook,Gable Porter,0,0.3285,0.6715,Gable Porter,0.6715,0,0.3,0.7,Gable Porter,0.7,0,0.2943,0.7057,Gable Porter,0.7057,1,0.7786,0.2214,Tom Crook,0.7786,141,False,0.713949989438057
Tom Crook,Raymond Adams,Tom Crook,Raymond Adams,1,0.6352,0.3648,Tom Crook,0.6352,1,0.746,0.254,Tom Crook,0.746,1,0.7757,0.2243,Tom Crook,0.7757,1,0.8832,0.1168,Tom Crook,0.8832,141,True,0.7600249907255172
Tom Crook,Luke Simcox,Tom Crook,Luke Simcox,0,0.4274,0.5726,Luke Simcox,0.5726,1,0.6111,0.3889,Tom Crook,0.6111,1,0.595,0.405,Tom Crook,0.595,1,0.7697,0.2303,Tom Crook,0.7697,141,False,0.6371000048398971
Briar Priest,Ryan Jack,Ryan Jack,Briar Priest,1,0.5481,0.4519,Ryan Jack,0.5481,1,0.6111,0.3889,Ryan Jack,0.6111,1,0.7325,0.2675,Ryan Jack,0.7325,1,0.6654,0.3346,Ryan Jack,0.6654,141,True,0.6392750112295151
Briar Priest,Gable Porter,Gable Porter,Briar Priest,1,0.5924,0.4076,Gable Porter,0.5924,1,0.6111,0.3889,Gable Porter,0.6111,1,0.6607,0.3393,Gable Porter,0.6607,0,0.4615,0.5385,Briar Priest,0.5385,141,False,0.6006750085353851
Briar Priest,Raymond Adams,Briar Priest,Raymond Adams,1,0.7142,0.2858,Briar Priest,0.7142,1,0.746,0.254,Briar Priest,0.746,1,0.7912,0.2088,Briar Priest,0.7912,1,0.9118,0.0882,Briar Priest,0.9118,141,True,0.7908000022649765
Briar Priest,Luke Simcox,Luke Simcox,Briar Priest,0,0.4879,0.5121,Briar Priest,0.5121,1,0.6111,0.3889,Luke Simcox,0.6111,0,0.475,0.525,Briar Priest,0.525,0,0.3575,0.6425,Briar Priest,0.6425,141,False,0.5726749898672103
Ryan Jack,Gable Porter,Ryan Jack,Gable Porter,0,0.4575,0.5425,Gable Porter,0.5425,0,0.469,0.531,Gable Porter,0.531,1,0.5626,0.4374,Ryan Jack,0.5626,1,0.8291,0.1709,Ryan Jack,0.8291,141,False,0.6163000073432923
Ryan Jack,Raymond Adams,Ryan Jack,Raymond Adams,1,0.7501,0.2499,Ryan Jack,0.7501,1,0.746,0.254,Ryan Jack,0.746,1,0.8487,0.1513,Ryan Jack,0.8487,1,0.9343,0.0657,Ryan Jack,0.9343,141,True,0.8197749980926514
Ryan Jack,Luke Simcox,Ryan Jack,Luke Simcox,1,0.5626,0.4374,Ryan Jack,0.5626,1,0.6111,0.3889,Ryan Jack,0.6111,1,0.7808,0.2192,Ryan Jack,0.7808,1,0.898,0.102,Ryan Jack,0.898,141,True,0.7131249967098237
Gable Porter,Raymond Adams,Gable Porter,Raymond Adams,1,0.7824,0.2176,Gable Porter,0.7824,1,0.8898,0.1102,Gable Porter,0.8898,1,0.848,0.152,Gable Porter,0.848,1,0.9278,0.0722,Gable Porter,0.9278,141,True,0.8619999974250794
Gable Porter,Luke Simcox,Gable Porter,Luke Simcox,1,0.6065,0.3935,Gable Porter,0.6065,1,0.746,0.254,Gable Porter,0.746,1,0.787,0.213,Gable Porter,0.787,1,0.7078,0.2922,Gable Porter,0.7078,141,True,0.7118249928951264
Raymond Adams,Luke Simcox,Luke Simcox,Raymond Adams,1,0.7021,0.2979,Luke Simcox,0.7021,1,0.746,0.254,Luke Simcox,0.746,1,0.748,0.252,Luke Simcox,0.748,1,0.8654,0.1346,Luke Simcox,0.8654,141,True,0.7653750105142594
Koy Buesgens,Kade Brown,Koy Buesgens,Kade Brown,1,0.6296,0.3704,Koy Buesgens,0.6296,1,0.746,0.254,Koy Buesgens,0.746,1,0.8116,0.1884,Koy Buesgens,0.8116,1,0.7867,0.2133,Koy Buesgens,0.7867,149,True,0.7434750099420547
Koy Buesgens,Wynton Denkins,Koy Buesgens,Wynton Denkins,1,0.6654,0.3346,Koy Buesgens,0.6654,1,0.746,0.254,Koy Buesgens,0.746,1,0.7791,0.2209,Koy Buesgens,0.7791,1,0.8365,0.1635,Koy Buesgens,0.8365,149,True,0.7567499974727631
Koy Buesgens,Collin Gaj,Collin Gaj,Koy Buesgens,0,0.2802,0.7198,Koy Buesgens,0.7198,0,0.1438,0.8562,Koy Buesgens,0.8562,0,0.1116,0.8884,Koy Buesgens,0.8884,0,0.068,0.932,Koy Buesgens,0.932,149,True,0.8490999999046326
Koy Buesgens,Dylan Ross,Koy Buesgens,Dylan Ross,1,0.7304,0.2696,Koy Buesgens,0.7304,1,0.746,0.254,Koy Buesgens,0.746,1,0.8379,0.1621,Koy Buesgens,0.8379,1,0.9571,0.0429,Koy Buesgens,0.9571,149,True,0.8178499892711639
Koy Buesgens,Nate Askew,Koy Buesgens,Nate Askew,1,0.7191,0.2809,Koy Buesgens,0.7191,1,0.746,0.254,Koy Buesgens,0.746,1,0.836,0.164,Koy Buesgens,0.836,1,0.8965,0.1035,Koy Buesgens,0.8965,149,True,0.7994000041723252
Koy Buesgens,Aden Valencia,Koy Buesgens,Aden Valencia,1,0.6174,0.3826,Koy Buesgens,0.6174,1,0.746,0.254,Koy Buesgens,0.746,1,0.7818,0.2182,Koy Buesgens,0.7818,1,0.8025,0.1975,Koy Buesgens,0.8025,149,True,0.7369249953985214
Kade Brown,Wynton Denkins,Kade Brown,Wynton Denkins,1,0.5416,0.4584,Kade Brown,0.5416,1,0.6111,0.3889,Kade Brown,0.6111,1,0.5988,0.4012,Kade Brown,0.5988,1,0.6317,0.3683,Kade Brown,0.6317,149,True,0.5957999957084655
Kade Brown,Collin Gaj,Collin Gaj,Kade Brown,0,0.3958,0.6042,Kade Brown,0.6042,0,0.2529,0.7471,Kade Brown,0.7471,0,0.3674,0.6326,Kade Brown,0.6326,0,0.3646,0.6354,Kade Brown,0.6354,149,True,0.6548250016689301
Kade Brown,Dylan Ross,Kade Brown,Dylan Ross,1,0.6169,0.3831,Kade Brown,0.6169,1,0.746,0.254,Kade Brown,0.746,1,0.7564,0.2436,Kade Brown,0.7564,1,0.9337,0.0663,Kade Brown,0.9337,149,True,0.7632500035524368
Kade Brown,Nate Askew,Kade Brown,Nate Askew,1,0.6034,0.3966,Kade Brown,0.6034,1,0.746,0.254,Kade Brown,0.746,1,0.7184,0.2816,Kade Brown,0.7184,1,0.7695,0.2305,Kade Brown,0.7695,149,True,0.7093250046730042
Kade Brown,Aden Valencia,Aden Valencia,Kade Brown,1,0.5156,0.4844,Aden Valencia,0.5156,1,0.6111,0.3889,Aden Valencia,0.6111,1,0.664,0.336,Aden Valencia,0.664,1,0.748,0.252,Aden Valencia,0.748,149,True,0.6346750001192093
Wynton Denkins,Collin Gaj,Collin Gaj,Wynton Denkins,0,0.4338,0.5662,Wynton Denkins,0.5662,0,0.2529,0.7471,Wynton Denkins,0.7471,0,0.3282,0.6718,Wynton Denkins,0.6718,1,0.7039,0.2961,Collin Gaj,0.7039,149,False,0.6722499992370605
Wynton Denkins,Dylan Ross,Wynton Denkins,Dylan Ross,1,0.5792,0.4208,Wynton Denkins,0.5792,1,0.6111,0.3889,Wynton Denkins,0.6111,1,0.6612,0.3388,Wynton Denkins,0.6612,1,0.9177,0.0823,Wynton Denkins,0.9177,149,True,0.6922999948978424
Wynton Denkins,Nate Askew,Wynton Denkins,Nate Askew,1,0.5653,0.4347,Wynton Denkins,0.5653,1,0.6111,0.3889,Wynton Denkins,0.6111,1,0.6952,0.3048,Wynton Denkins,0.6952,1,0.5992,0.4008,Wynton Denkins,0.5992,149,True,0.6177000090837479
Wynton Denkins,Aden Valencia,Aden Valencia,Wynton Denkins,1,0.5546,0.4454,Aden Valencia,0.5546,1,0.6111,0.3889,Aden Valencia,0.6111,1,0.5768,0.4232,Aden Valencia,0.5768,1,0.587,0.413,Aden Valencia,0.587,149,True,0.5823750002861023
Collin Gaj,Dylan Ross,Collin Gaj,Dylan Ross,1,0.5107,0.4893,Collin Gaj,0.5107,1,0.6111,0.3889,Collin Gaj,0.6111,1,0.6239,0.3761,Collin Gaj,0.6239,1,0.9096,0.0904,Collin Gaj,0.9096,149,True,0.6638250039339065
Collin Gaj,Nate Askew,Collin Gaj,Nate Askew,0,0.4966,0.5034,Nate Askew,0.5034,1,0.6111,0.3889,Collin Gaj,0.6111,1,0.5112,0.4888,Collin Gaj,0.5112,1,0.7852,0.2148,Collin Gaj,0.7852,149,False,0.6027250026464462
Collin Gaj,Aden Valencia,Collin Gaj,Aden Valencia,0,0.3833,0.6167,Aden Valencia,0.6167,0,0.2529,0.7471,Aden Valencia,0.7471,0,0.2563,0.7437,Aden Valencia,0.7437,0,0.196,0.804,Aden Valencia,0.804,149,True,0.7278750118732452
Dylan Ross,Nate Askew,Dylan Ross,Nate Askew,0,0.4884,0.5116,Nate Askew,0.5116,1,0.6111,0.3889,Dylan Ross,0.6111,1,0.6374,0.3626,Dylan Ross,0.6374,0,0.1197,0.8803,Nate Askew,0.8803,149,False,0.6600999892234802
Dylan Ross,Aden Valencia,Aden Valencia,Dylan Ross,1,0.6291,0.3709,Aden Valencia,0.6291,1,0.746,0.254,Aden Valencia,0.746,1,0.7035,0.2965,Aden Valencia,0.7035,1,0.9149,0.0851,Aden Valencia,0.9149,149,True,0.7483749944210052
Nate Askew,Aden Valencia,Aden Valencia,Nate Askew,1,0.6158,0.3842,Aden Valencia,0.6158,1,0.746,0.254,Aden Valencia,0.746,1,0.7646,0.2354,Aden Valencia,0.7646,1,0.7969,0.2031,Aden Valencia,0.7969,149,True,0.7308249883174897
Daniel Cardenas,Laird Root,Daniel Cardenas,Laird Root,1,0.6971,0.3029,Daniel Cardenas,0.6971,1,0.746,0.254,Daniel Cardenas,0.746,1,0.8363,0.1637,Daniel Cardenas,0.8363,1,0.9088,0.0912,Daniel Cardenas,0.9088,157,True,0.7970500053405762
Daniel Cardenas,Colton Washleski,Daniel Cardenas,Colton Washleski,1,0.6412,0.3588,Daniel Cardenas,0.6412,1,0.746,0.254,Daniel Cardenas,0.746,1,0.7732,0.2268,Daniel Cardenas,0.7732,1,0.8444,0.1556,Daniel Cardenas,0.8444,157,True,0.7511999910354614
Daniel Cardenas,Dylan Evans,Daniel Cardenas,Dylan Evans,1,0.6189,0.3811,Daniel Cardenas,0.6189,1,0.746,0.254,Daniel Cardenas,0.746,1,0.7653,0.2347,Daniel Cardenas,0.7653,1,0.7584,0.2416,Daniel Cardenas,0.7584,157,True,0.7221499997138977
Daniel Cardenas,Luca Felix,Daniel Cardenas,Luca Felix,1,0.7688,0.2312,Daniel Cardenas,0.7688,1,0.8898,0.1102,Daniel Cardenas,0.8898,1,0.9032,0.0968,Daniel Cardenas,0.9032,1,0.9361,0.0639,Daniel Cardenas,0.9361,157,True,0.8744749942064285
Daniel Cardenas,Mikey Boulanger,Daniel Cardenas,Mikey Boulanger,1,0.776,0.224,Daniel Cardenas,0.776,1,0.8898,0.1102,Daniel Cardenas,0.8898,1,0.8732,0.1268,Daniel Cardenas,0.8732,1,0.9641,0.0359,Daniel Cardenas,0.9641,157,True,0.8757750006437302
Daniel Cardenas,Ethen Miller,Ethen Miller,Daniel Cardenas,0,0.4575,0.5425,Daniel Cardenas,0.5425,0,0.2529,0.7471,Daniel Cardenas,0.7471,0,0.2856,0.7144,Daniel Cardenas,0.7144,0,0.3828,0.6172,Daniel Cardenas,0.6172,157,True,0.6553000025987625
Laird Root,Colton Washleski,Laird Root,Colton Washleski,0,0.4397,0.5603,Colton Washleski,0.5603,1,0.6111,0.3889,Laird Root,0.6111,0,0.4204,0.5796,Colton Washleski,0.5796,0,0.4276,0.5724,Colton Washleski,0.5724,157,False,0.5808499876022339
Laird Root,Dylan Evans,Dylan Evans,Laird Root,1,0.5887,0.4113,Dylan Evans,0.5887,1,0.6111,0.3889,Dylan Evans,0.6111,1,0.6747,0.3253,Dylan Evans,0.6747,1,0.8028,0.1972,Dylan Evans,0.8028,157,True,0.669325005364418
Laird Root,Luca Felix,Laird Root,Luca Felix,1,0.5934,0.4066,Laird Root,0.5934,1,0.6111,0.3889,Laird Root,0.6111,1,0.7516,0.2484,Laird Root,0.7516,1,0.6662,0.3338,Laird Root,0.6662,157,True,0.6555750023126602
Laird Root,Mikey Boulanger,Laird Root,Mikey Boulanger,1,0.6034,0.3966,Laird Root,0.6034,1,0.746,0.254,Laird Root,0.746,1,0.7598,0.2402,Laird Root,0.7598,1,0.9221,0.0779,Laird Root,0.9221,157,True,0.7578250061035157
Laird Root,Ethen Miller,Ethen Miller,Laird Root,1,0.6576,0.3424,Ethen Miller,0.6576,1,0.746,0.254,Ethen Miller,0.746,1,0.6466,0.3534,Ethen Miller,0.6466,1,0.8855,0.1145,Ethen Miller,0.8855,157,True,0.7339250054597855
Colton Washleski,Dylan Evans,Dylan Evans,Colton Washleski,1,0.5265,0.4735,Dylan Evans,0.5265,1,0.6111,0.3889,Dylan Evans,0.6111,1,0.5243,0.4757,Dylan Evans,0.5243,1,0.8147,0.1853,Dylan Evans,0.8147,157,True,0.6191499966621399
Colton Washleski,Luca Felix,Colton Washleski,Luca Felix,1,0.6527,0.3473,Colton Washleski,0.6527,1,0.746,0.254,Colton Washleski,0.746,1,0.8365,0.1635,Colton Washleski,0.8365,1,0.8164,0.1836,Colton Washleski,0.8164,157,True,0.7628999951362609
Colton Washleski,Mikey Boulanger,Colton Washleski,Mikey Boulanger,1,0.662,0.338,Colton Washleski,0.662,1,0.746,0.254,Colton Washleski,0.746,1,0.8114,0.1886,Colton Washleski,0.8114,1,0.9553,0.0447,Colton Washleski,0.9553,157,True,0.793674992442131
Colton Washleski,Ethen Miller,Ethen Miller,Colton Washleski,1,0.5987,0.4013,Ethen Miller,0.5987,1,0.746,0.254,Ethen Miller,0.746,1,0.571,0.429,Ethen Miller,0.571,1,0.838,0.162,Ethen Miller,0.838,157,True,0.6884249948740006
Dylan Evans,Luca Felix,Dylan Evans,Luca Felix,1,0.6741,0.3259,Dylan Evans,0.6741,1,0.8898,0.1102,Dylan Evans,0.8898,1,0.8772,0.1228,Dylan Evans,0.8772,1,0.8624,0.1376,Dylan Evans,0.8624,157,True,0.825875000691414
Dylan Evans,Mikey Boulanger,Dylan Evans,Mikey Boulanger,1,0.6831,0.3169,Dylan Evans,0.6831,1,0.8898,0.1102,Dylan Evans,0.8898,1,0.8341,0.1659,Dylan Evans,0.8341,1,0.9491,0.0509,Dylan Evans,0.9491,157,True,0.839025006389618
Dylan Evans,Ethen Miller,Ethen Miller,Dylan Evans,1,0.5755,0.4245,Ethen Miller,0.5755,0,0.2529,0.7471,Dylan Evans,0.7471,0,0.4167,0.5833,Dylan Evans,0.5833,1,0.5541,0.4459,Ethen Miller,0.5541,157,False,0.6149999928712845
Luca Felix,Mikey Boulanger,Luca Felix,Mikey Boulanger,1,0.5129,0.4871,Luca Felix,0.5129,1,0.6111,0.3889,Luca Felix,0.6111,1,0.5612,0.4388,Luca Felix,0.5612,1,0.8008,0.1992,Luca Felix,0.8008,157,True,0.6215000120401383
Luca Felix,Ethen Miller,Ethen Miller,Luca Felix,1,0.7351,0.2649,Ethen Miller,0.7351,1,0.746,0.254,Ethen Miller,0.746,1,0.8439,0.1561,Ethen Miller,0.8439,1,0.9115,0.0885,Ethen Miller,0.9115,157,True,0.809125000500679
Mikey Boulanger,Ethen Miller,Ethen Miller,Mikey Boulanger,1,0.7431,0.2569,Ethen Miller,0.7431,1,0.746,0.254,Ethen Miller,0.746,1,0.8153,0.1847,Ethen Miller,0.8153,1,0.9493,0.0507,Ethen Miller,0.9493,157,True,0.8134249947309494
Will Denny,Bryce Hepner,Will Denny,Bryce Hepner,1,0.6332,0.3668,Will Denny,0.6332,1,0.746,0.254,Will Denny,0.746,1,0.7207,0.2793,Will Denny,0.7207,1,0.9007,0.0993,Will Denny,0.9007,165,True,0.750149999666214
Will Denny,Jared Keslar,Will Denny,Jared Keslar,1,0.7191,0.2809,Will Denny,0.7191,1,0.746,0.254,Will Denny,0.746,1,0.836,0.164,Will Denny,0.836,1,0.8485,0.1515,Will Denny,0.8485,165,True,0.7874000096559525
Will Denny,Mac Church,Mac Church,Will Denny,0,0.3392,0.6608,Will Denny,0.6608,0,0.3,0.7,Will Denny,0.7,0,0.2079,0.7921,Will Denny,0.7921,0,0.0905,0.9095,Will Denny,0.9095,165,True,0.7656000037908555
Will Denny,Michael Murphy,Will Denny,Michael Murphy,1,0.7695,0.2305,Will Denny,0.7695,1,0.746,0.254,Will Denny,0.746,1,0.8951,0.1049,Will Denny,0.8951,1,0.9603,0.0397,Will Denny,0.9603,165,True,0.8427250064611435
Will Denny,Aurelius Dunbar,Will Denny,Aurelius Dunbar,1,0.7574,0.2426,Will Denny,0.7574,1,0.8898,0.1102,Will Denny,0.8898,1,0.8477,0.1523,Will Denny,0.8477,1,0.9522,0.0478,Will Denny,0.9522,165,True,0.8617749988317489
Will Denny,EJ Parco,Will Denny,EJ Parco,1,0.6726,0.3274,Will Denny,0.6726,1,0.746,0.254,Will Denny,0.746,1,0.8289,0.1711,Will Denny,0.8289,1,0.9137,0.0863,Will Denny,0.9137,165,True,0.7902999910354614
Bryce Hepner,Jared Keslar,Bryce Hepner,Jared Keslar,1,0.5997,0.4003,Bryce Hepner,0.5997,1,0.746,0.254,Bryce Hepner,0.746,1,0.7055,0.2945,Bryce Hepner,0.7055,1,0.5307,0.4693,Bryce Hepner,0.5307,165,True,0.6454750086545944
Bryce Hepner,Mac Church,Mac Church,Bryce Hepner,0,0.4672,0.5328,Bryce Hepner,0.5328,1,0.6111,0.3889,Mac Church,0.6111,1,0.5893,0.4107,Mac Church,0.5893,1,0.838,0.162,Mac Church,0.838,165,False,0.6427999940872192
Bryce Hepner,Michael Murphy,Bryce Hepner,Michael Murphy,1,0.6615,0.3385,Bryce Hepner,0.6615,1,0.746,0.254,Bryce Hepner,0.746,1,0.7782,0.2218,Bryce Hepner,0.7782,1,0.828,0.172,Bryce Hepner,0.828,165,True,0.7534249949455261
Bryce Hepner,Aurelius Dunbar,Bryce Hepner,Aurelius Dunbar,1,0.6462,0.3538,Bryce Hepner,0.6462,1,0.746,0.254,Bryce Hepner,0.746,1,0.7576,0.2424,Bryce Hepner,0.7576,1,0.9361,0.0639,Bryce Hepner,0.9361,165,True,0.7714750038862228
Bryce Hepner,EJ Parco,Bryce Hepner,EJ Parco,1,0.546,0.454,Bryce Hepner,0.546,0,0.469,0.531,EJ Parco,0.531,1,0.6194,0.3806,Bryce Hepner,0.6194,1,0.5372,0.4628,Bryce Hepner,0.5372,165,False,0.5583999996185303
Jared Keslar,Mac Church,Mac Church,Jared Keslar,1,0.5653,0.4347,Mac Church,0.5653,1,0.6111,0.3889,Mac Church,0.6111,1,0.5974,0.4026,Mac Church,0.5974,1,0.754,0.246,Mac Church,0.754,165,True,0.6319500044345856
Jared Keslar,Michael Murphy,Jared Keslar,Michael Murphy,1,0.5685,0.4315,Jared Keslar,0.5685,1,0.6111,0.3889,Jared Keslar,0.6111,1,0.6316,0.3684,Jared Keslar,0.6316,1,0.7976,0.2024,Jared Keslar,0.7976,165,True,0.6521999984025955
Jared Keslar,Aurelius Dunbar,Jared Keslar,Aurelius Dunbar,1,0.5519,0.4481,Jared Keslar,0.5519,1,0.6111,0.3889,Jared Keslar,0.6111,1,0.5398,0.4602,Jared Keslar,0.5398,1,0.9014,0.0986,Jared Keslar,0.9014,165,True,0.6510500044822692
Jared Keslar,EJ Parco,EJ Parco,Jared Keslar,1,0.5573,0.4427,EJ Parco,0.5573,1,0.6111,0.3889,EJ Parco,0.6111,1,0.6023,0.3977,EJ Parco,0.6023,1,0.5252,0.4748,EJ Parco,0.5252,165,True,0.5739749994039536
Mac Church,Michael Murphy,Mac Church,Michael Murphy,1,0.6291,0.3709,Mac Church,0.6291,1,0.746,0.254,Mac Church,0.746,1,0.72,0.28,Mac Church,0.72,1,0.8872,0.1128,Mac Church,0.8872,165,True,0.7455750066280364
Mac Church,Aurelius Dunbar,Mac Church,Aurelius Dunbar,1,0.6132,0.3868,Mac Church,0.6132,1,0.746,0.254,Mac Church,0.746,1,0.6759,0.3241,Mac Church,0.6759,1,0.9238,0.0762,Mac Church,0.9238,165,True,0.7397249935150146
Mac Church,EJ Parco,Mac Church,EJ Parco,1,0.5107,0.4893,Mac Church,0.5107,0,0.469,0.531,EJ Parco,0.531,0,0.4977,0.5023,EJ Parco,0.5023,1,0.7897,0.2103,Mac Church,0.7897,165,False,0.5834249989271164
Michael Murphy,Aurelius Dunbar,Aurelius Dunbar,Michael Murphy,1,0.5194,0.4806,Aurelius Dunbar,0.5194,0,0.469,0.531,Michael Murphy,0.531,1,0.591,0.409,Aurelius Dunbar,0.591,0,0.1407,0.8593,Michael Murphy,0.8593,165,False,0.6251750094652175
Michael Murphy,EJ Parco,EJ Parco,Michael Murphy,1,0.6215,0.3785,EJ Parco,0.6215,1,0.746,0.254,EJ Parco,0.746,1,0.7184,0.2816,EJ Parco,0.7184,1,0.7904,0.2096,EJ Parco,0.7904,165,True,0.7190750074386597
Aurelius Dunbar,EJ Parco,EJ Parco,Aurelius Dunbar,1,0.6055,0.3945,EJ Parco,0.6055,1,0.746,0.254,EJ Parco,0.746,1,0.6792,0.3208,EJ Parco,0.6792,1,0.8376,0.1624,EJ Parco,0.8376,165,True,0.7170749965906144
Luca Augustine,Sergio Desiante,Sergio Desiante,Luca Augustine,0,0.2859,0.7141,Luca Augustine,0.7141,0,0.3,0.7,Luca Augustine,0.7,0,0.2019,0.7981,Luca Augustine,0.7981,0,0.1937,0.8063,Luca Augustine,0.8063,174,True,0.7546249947786331
Luca Augustine,Nick Hamilton,Luca Augustine,Nick Hamilton,1,0.5384,0.4616,Luca Augustine,0.5384,1,0.6111,0.3889,Luca Augustine,0.6111,1,0.748,0.252,Luca Augustine,0.748,1,0.8576,0.1424,Luca Augustine,0.8576,174,True,0.6887749998569488
Luca Augustine,Aiden Wallace,Luca Augustine,Aiden Wallace,0,0.4531,0.5469,Aiden Wallace,0.5469,1,0.6111,0.3889,Luca Augustine,0.6111,1,0.631,0.369,Luca Augustine,0.631,1,0.9123,0.0877,Luca Augustine,0.9123,174,False,0.6753249932527542
Luca Augustine,Collin Carrigan,Luca Augustine,Collin Carrigan,1,0.7431,0.2569,Luca Augustine,0.7431,1,0.746,0.254,Luca Augustine,0.746,1,0.8643,0.1357,Luca Augustine,0.8643,1,0.9555,0.0445,Luca Augustine,0.9555,174,True,0.8272250048160553
Luca Augustine,Collin Guffey,Luca Augustine,Collin Guffey,1,0.8035,0.1965,Luca Augustine,0.8035,1,0.746,0.254,Luca Augustine,0.746,1,0.914,0.086,Luca Augustine,0.914,1,0.9441,0.0559,Luca Augustine,0.9441,174,True,0.8518999992609024
Luca Augustine,Matthew Singleton,Matthew Singleton,Luca Augustine,1,0.5454,0.4546,Matthew Singleton,0.5454,1,0.6111,0.3889,Matthew Singleton,0.6111,1,0.5606,0.4394,Matthew Singleton,0.5606,1,0.6637,0.3363,Matthew Singleton,0.6637,174,True,0.5951999918222427
Sergio Desiante,Nick Hamilton,Sergio Desiante,Nick Hamilton,0,0.3161,0.6839,Nick Hamilton,0.6839,0,0.3,0.7,Nick Hamilton,0.7,0,0.3646,0.6354,Nick Hamilton,0.6354,1,0.6856,0.3144,Sergio Desiante,0.6856,174,False,0.6762249949932098
Sergio Desiante,Aiden Wallace,Sergio Desiante,Aiden Wallace,0,0.2472,0.7528,Aiden Wallace,0.7528,0,0.3,0.7,Aiden Wallace,0.7,0,0.2878,0.7122,Aiden Wallace,0.7122,1,0.5157,0.4843,Sergio Desiante,0.5157,174,False,0.6701749921560287
Sergio Desiante,Collin Carrigan,Sergio Desiante,Collin Carrigan,1,0.5341,0.4659,Sergio Desiante,0.5341,1,0.6111,0.3889,Sergio Desiante,0.6111,1,0.7922,0.2078,Sergio Desiante,0.7922,1,0.8993,0.1007,Sergio Desiante,0.8993,174,True,0.7091750020265579
Sergio Desiante,Collin Guffey,Sergio Desiante,Collin Guffey,1,0.6184,0.3816,Sergio Desiante,0.6184,1,0.746,0.254,Sergio Desiante,0.746,1,0.7624,0.2376,Sergio Desiante,0.7624,1,0.7564,0.2436,Sergio Desiante,0.7564,174,True,0.7207999901533126
Sergio Desiante,Matthew Singleton,Sergio Desiante,Matthew Singleton,0,0.2521,0.7479,Matthew Singleton,0.7479,0,0.3,0.7,Matthew Singleton,0.7,0,0.2099,0.7901,Matthew Singleton,0.7901,0,0.1469,0.8531,Matthew Singleton,0.8531,174,True,0.7727749950647353
Nick Hamilton,Aiden Wallace,Aiden Wallace,Nick Hamilton,1,0.5871,0.4129,Aiden Wallace,0.5871,1,0.6111,0.3889,Aiden Wallace,0.6111,1,0.6431,0.3569,Aiden Wallace,0.6431,0,0.2826,0.7174,Nick Hamilton,0.7174,174,False,0.6396750094175339
Nick Hamilton,Collin Carrigan,Nick Hamilton,Collin Carrigan,1,0.7147,0.2853,Nick Hamilton,0.7147,1,0.746,0.254,Nick Hamilton,0.746,1,0.8339,0.1661,Nick Hamilton,0.8339,1,0.86,0.14,Nick Hamilton,0.86,174,True,0.7886499972820282
Nick Hamilton,Collin Guffey,Nick Hamilton,Collin Guffey,1,0.7798,0.2202,Nick Hamilton,0.7798,1,0.746,0.254,Nick Hamilton,0.746,1,0.8291,0.1709,Nick Hamilton,0.8291,1,0.8018,0.1982,Nick Hamilton,0.8018,174,True,0.7891750063419343
Nick Hamilton,Matthew Singleton,Matthew Singleton,Nick Hamilton,1,0.5808,0.4192,Matthew Singleton,0.5808,1,0.6111,0.3889,Matthew Singleton,0.6111,1,0.6908,0.3092,Matthew Singleton,0.6908,1,0.8589,0.1411,Matthew Singleton,0.8589,174,True,0.6854000054359436
Aiden Wallace,Collin Carrigan,Aiden Wallace,Collin Carrigan,1,0.7791,0.2209,Aiden Wallace,0.7791,1,0.746,0.254,Aiden Wallace,0.746,1,0.8749,0.1251,Aiden Wallace,0.8749,1,0.6461,0.3539,Aiden Wallace,0.6461,174,True,0.7615249920129776
Aiden Wallace,Collin Guffey,Aiden Wallace,Collin Guffey,1,0.8329,0.1671,Aiden Wallace,0.8329,1,0.746,0.254,Aiden Wallace,0.746,1,0.8899,0.1101,Aiden Wallace,0.8899,1,0.7513,0.2487,Aiden Wallace,0.7513,174,True,0.805025001502037
Aiden Wallace,Matthew Singleton,Matthew Singleton,Aiden Wallace,0,0.496,0.504,Aiden Wallace,0.504,1,0.6111,0.3889,Matthew Singleton,0.6111,1,0.6307,0.3693,Matthew Singleton,0.6307,1,0.8994,0.1006,Matthew Singleton,0.8994,174,False,0.6612999969959259
Collin Carrigan,Collin Guffey,Collin Carrigan,Collin Guffey,1,0.5882,0.4118,Collin Carrigan,0.5882,1,0.6111,0.3889,Collin Carrigan,0.6111,1,0.6547,0.3453,Collin Carrigan,0.6547,0,0.3986,0.6014,Collin Guffey,0.6014,174,False,0.6138499997377396
Collin Carrigan,Matthew Singleton,Matthew Singleton,Collin Carrigan,1,0.7745,0.2255,Matthew Singleton,0.7745,1,0.746,0.254,Matthew Singleton,0.746,1,0.8906,0.1094,Matthew Singleton,0.8906,1,0.9599,0.0401,Matthew Singleton,0.9599,174,True,0.8427500118017197
Collin Guffey,Matthew Singleton,Matthew Singleton,Collin Guffey,1,0.8292,0.1708,Matthew Singleton,0.8292,1,0.746,0.254,Matthew Singleton,0.746,1,0.9132,0.0868,Matthew Singleton,0.9132,1,0.9566,0.0434,Matthew Singleton,0.9566,174,True,0.8612500077962876
Chase Kranitz,Jake Dailey,Jake Dailey,Chase Kranitz,1,0.6312,0.3688,Jake Dailey,0.6312,1,0.746,0.254,Jake Dailey,0.746,1,0.6732,0.3268,Jake Dailey,0.6732,0,0.3625,0.6375,Chase Kranitz,0.6375,184,False,0.671974999833107
Chase Kranitz,Donald Cates,Chase Kranitz,Donald Cates,1,0.6765,0.3235,Chase Kranitz,0.6765,1,0.746,0.254,Chase Kranitz,0.746,1,0.7307,0.2693,Chase Kranitz,0.7307,1,0.5187,0.4813,Chase Kranitz,0.5187,184,True,0.6679750049114227
Chase Kranitz,Jaden Bullock,Jaden Bullock,Chase Kranitz,0,0.4125,0.5875,Chase Kranitz,0.5875,0,0.469,0.531,Chase Kranitz,0.531,0,0.4534,0.5466,Chase Kranitz,0.5466,1,0.6165,0.3835,Jaden Bullock,0.6165,184,False,0.5704000010490418
Chase Kranitz,Griffin Gammell,Chase Kranitz,Griffin Gammell,1,0.6984,0.3016,Chase Kranitz,0.6984,1,0.746,0.254,Chase Kranitz,0.746,1,0.8339,0.1661,Chase Kranitz,0.8339,1,0.9366,0.0634,Chase Kranitz,0.9366,184,True,0.8037250010728836
Chase Kranitz,David Hussey,Chase Kranitz,David Hussey,1,0.7886,0.2114,Chase Kranitz,0.7886,1,0.8898,0.1102,Chase Kranitz,0.8898,1,0.9163,0.0837,Chase Kranitz,0.9163,1,0.9727,0.0273,Chase Kranitz,0.9727,184,True,0.8918499996423721
Chase Kranitz,Abe Wojcikiewicz,Chase Kranitz,Abe Wojcikiewicz,1,0.5723,0.4277,Chase Kranitz,0.5723,1,0.6111,0.3889,Chase Kranitz,0.6111,1,0.6143,0.3857,Chase Kranitz,0.6143,0,0.4418,0.5582,Abe Wojcikiewicz,0.5582,184,False,0.5889750035762786
Jake Dailey,Donald Cates,Jake Dailey,Donald Cates,1,0.7798,0.2202,Jake Dailey,0.7798,1,0.8898,0.1102,Jake Dailey,0.8898,1,0.799,0.201,Jake Dailey,0.799,1,0.6467,0.3533,Jake Dailey,0.6467,184,True,0.7788250123500824
Jake Dailey,Jaden Bullock,Jaden Bullock,Jake Dailey,0,0.2931,0.7069,Jake Dailey,0.7069,0,0.1438,0.8562,Jake Dailey,0.8562,0,0.3122,0.6878,Jake Dailey,0.6878,1,0.5661,0.4339,Jaden Bullock,0.5661,184,False,0.7042499978780746
Jake Dailey,Griffin Gammell,Jake Dailey,Griffin Gammell,1,0.7969,0.2031,Jake Dailey,0.7969,1,0.8898,0.1102,Jake Dailey,0.8898,1,0.8956,0.1044,Jake Dailey,0.8956,1,0.8876,0.1124,Jake Dailey,0.8876,184,True,0.8674750063896179
Jake Dailey,David Hussey,Jake Dailey,David Hussey,1,0.8634,0.1366,Jake Dailey,0.8634,1,0.8898,0.1102,Jake Dailey,0.8898,1,0.8658,0.1342,Jake Dailey,0.8658,1,0.9508,0.0492,Jake Dailey,0.9508,184,True,0.8924500061750412
Jake Dailey,Abe Wojcikiewicz,Jake Dailey,Abe Wojcikiewicz,1,0.6938,0.3062,Jake Dailey,0.6938,1,0.746,0.254,Jake Dailey,0.746,1,0.7339,0.2661,Jake Dailey,0.7339,0,0.4348,0.5652,Abe Wojcikiewicz,0.5652,184,False,0.6847249954462051
Donald Cates,Jaden Bullock,Jaden Bullock,Donald Cates,1,0.5924,0.4076,Jaden Bullock,0.5924,1,0.6111,0.3889,Jaden Bullock,0.6111,0,0.4837,0.5163,Donald Cates,0.5163,0,0.3988,0.6012,Donald Cates,0.6012,184,False,0.5802500017881393
Donald Cates,Griffin Gammell,Griffin Gammell,Donald Cates,0,0.477,0.523,Donald Cates,0.523,0,0.2529,0.7471,Donald Cates,0.7471,0,0.3928,0.6072,Donald Cates,0.6072,0,0.1319,0.8681,Donald Cates,0.8681,184,True,0.6863500035047532
Donald Cates,David Hussey,Donald Cates,David Hussey,1,0.6432,0.3568,Donald Cates,0.6432,1,0.746,0.254,Donald Cates,0.746,1,0.8107,0.1893,Donald Cates,0.8107,1,0.9459,0.0541,Donald Cates,0.9459,184,True,0.7864500055789947
Donald Cates,Abe Wojcikiewicz,Abe Wojcikiewicz,Donald Cates,1,0.6122,0.3878,Abe Wojcikiewicz,0.6122,1,0.746,0.254,Abe Wojcikiewicz,0.746,1,0.6641,0.3359,Abe Wojcikiewicz,0.6641,1,0.5074,0.4926,Abe Wojcikiewicz,0.5074,184,True,0.6324249918937683
Jaden Bullock,Griffin Gammell,Jaden Bullock,Griffin Gammell,1,0.6169,0.3831,Jaden Bullock,0.6169,1,0.746,0.254,Jaden Bullock,0.746,1,0.7199,0.2801,Jaden Bullock,0.7199,1,0.9074,0.0926,Jaden Bullock,0.9074,184,True,0.7475500060081481
Jaden Bullock,David Hussey,Jaden Bullock,David Hussey,1,0.7217,0.2783,Jaden Bullock,0.7217,1,0.8898,0.1102,Jaden Bullock,0.8898,1,0.8653,0.1347,Jaden Bullock,0.8653,1,0.966,0.034,Jaden Bullock,0.966,184,True,0.8607000050544739
Jaden Bullock,Abe Wojcikiewicz,Jaden Bullock,Abe Wojcikiewicz,0,0.4819,0.5181,Abe Wojcikiewicz,0.5181,0,0.469,0.531,Abe Wojcikiewicz,0.531,1,0.5141,0.4859,Jaden Bullock,0.5141,1,0.7208,0.2792,Jaden Bullock,0.7208,184,False,0.5709999994277954
Griffin Gammell,David Hussey,Griffin Gammell,David Hussey,1,0.6194,0.3806,Griffin Gammell,0.6194,1,0.746,0.254,Griffin Gammell,0.746,1,0.6044,0.3956,Griffin Gammell,0.6044,1,0.8586,0.1414,Griffin Gammell,0.8586,184,True,0.7070999998807908
Griffin Gammell,Abe Wojcikiewicz,Abe Wojcikiewicz,Griffin Gammell,1,0.6362,0.3638,Abe Wojcikiewicz,0.6362,1,0.746,0.254,Abe Wojcikiewicz,0.746,1,0.7843,0.2157,Abe Wojcikiewicz,0.7843,1,0.8646,0.1354,Abe Wojcikiewicz,0.8646,184,True,0.7577750080108643
David Hussey,Abe Wojcikiewicz,Abe Wojcikiewicz,David Hussey,1,0.7381,0.2619,Abe Wojcikiewicz,0.7381,1,0.8898,0.1102,Abe Wojcikiewicz,0.8898,1,0.8674,0.1326,Abe Wojcikiewicz,0.8674,1,0.9589,0.0411,Abe Wojcikiewicz,0.9589,184,True,0.8635499913454056
Angelo Posada,Patrick Brophy,Angelo Posada,Patrick Brophy,1,0.6081,0.3919,Angelo Posada,0.6081,1,0.746,0.254,Angelo Posada,0.746,1,0.578,0.422,Angelo Posada,0.578,1,0.594,0.406,Angelo Posada,0.594,197,True,0.6315249977350235
Angelo Posada,Robert Platt,Angelo Posada,Robert Platt,1,0.676,0.324,Angelo Posada,0.676,1,0.746,0.254,Angelo Posada,0.746,1,0.779,0.221,Angelo Posada,0.779,1,0.885,0.115,Angelo Posada,0.885,197,True,0.7714999936819077
Angelo Posada,Sonny Sasso,Sonny Sasso,Angelo Posada,1,0.5156,0.4844,Sonny Sasso,0.5156,1,0.6111,0.3889,Sonny Sasso,0.6111,1,0.6545,0.3455,Sonny Sasso,0.6545,0,0.4711,0.5289,Angelo Posada,0.5289,197,False,0.57752500872612
Angelo Posada,Steven Burrell,Angelo Posada,Steven Burrell,1,0.6352,0.3648,Angelo Posada,0.6352,1,0.746,0.254,Angelo Posada,0.746,1,0.7371,0.2629,Angelo Posada,0.7371,1,0.8256,0.1744,Angelo Posada,0.8256,197,True,0.7359750082969665
Angelo Posada,Owen McGrory,Angelo Posada,Owen McGrory,1,0.8252,0.1748,Angelo Posada,0.8252,1,0.8898,0.1102,Angelo Posada,0.8898,1,0.8989,0.1011,Angelo Posada,0.8989,1,0.9711,0.0289,Angelo Posada,0.9711,197,True,0.8962499862909317
Angelo Posada,Mac Stout,Angelo Posada,Mac Stout,1,0.5205,0.4795,Angelo Posada,0.5205,0,0.2529,0.7471,Mac Stout,0.7471,0,0.4653,0.5347,Mac Stout,0.5347,1,0.6334,0.3666,Angelo Posada,0.6334,197,False,0.6089249998569488
Patrick Brophy,Robert Platt,Patrick Brophy,Robert Platt,1,0.576,0.424,Patrick Brophy,0.576,1,0.6111,0.3889,Patrick Brophy,0.6111,1,0.6443,0.3557,Patrick Brophy,0.6443,1,0.8358,0.1642,Patrick Brophy,0.8358,197,True,0.6667999940156937
Patrick Brophy,Sonny Sasso,Sonny Sasso,Patrick Brophy,1,0.6204,0.3796,Sonny Sasso,0.6204,1,0.746,0.254,Sonny Sasso,0.746,1,0.7322,0.2678,Sonny Sasso,0.7322,1,0.6592,0.3408,Sonny Sasso,0.6592,197,True,0.6894500097990036
Patrick Brophy,Steven Burrell,Patrick Brophy,Steven Burrell,1,0.5314,0.4686,Patrick Brophy,0.5314,1,0.6111,0.3889,Patrick Brophy,0.6111,1,0.6563,0.3437,Patrick Brophy,0.6563,1,0.7998,0.2002,Patrick Brophy,0.7998,197,True,0.6496499967575073
Patrick Brophy,Owen McGrory,Patrick Brophy,Owen McGrory,1,0.7545,0.2455,Patrick Brophy,0.7545,1,0.8898,0.1102,Patrick Brophy,0.8898,1,0.8647,0.1353,Patrick Brophy,0.8647,1,0.9391,0.0609,Patrick Brophy,0.9391,197,True,0.8620250116109848
Patrick Brophy,Mac Stout,Mac Stout,Patrick Brophy,1,0.5908,0.4092,Mac Stout,0.5908,1,0.6111,0.3889,Mac Stout,0.6111,1,0.7103,0.2897,Mac Stout,0.7103,0,0.475,0.525,Patrick Brophy,0.525,197,False,0.6093000011205674
Robert Platt,Sonny Sasso,Sonny Sasso,Robert Platt,1,0.6873,0.3127,Sonny Sasso,0.6873,1,0.746,0.254,Sonny Sasso,0.746,1,0.7961,0.2039,Sonny Sasso,0.7961,1,0.9062,0.0938,Sonny Sasso,0.9062,197,True,0.783900003027916
Robert Platt,Steven Burrell,Robert Platt,Steven Burrell,0,0.4575,0.5425,Steven Burrell,0.5425,1,0.6111,0.3889,Robert Platt,0.6111,1,0.6789,0.3211,Robert Platt,0.6789,1,0.7281,0.2719,Robert Platt,0.7281,197,False,0.6401500013113022
Robert Platt,Owen McGrory,Robert Platt,Owen McGrory,1,0.6957,0.3043,Robert Platt,0.6957,1,0.8898,0.1102,Robert Platt,0.8898,1,0.8347,0.1653,Robert Platt,0.8347,1,0.9546,0.0454,Robert Platt,0.9546,197,True,0.8436999912261963
Robert Platt,Mac Stout,Mac Stout,Robert Platt,1,0.66,0.34,Mac Stout,0.66,1,0.746,0.254,Mac Stout,0.746,1,0.7863,0.2137,Mac Stout,0.7863,1,0.8641,0.1359,Mac Stout,0.8641,197,True,0.7640999957323075
Sonny Sasso,Steven Burrell,Sonny Sasso,Steven Burrell,1,0.6472,0.3528,Sonny Sasso,0.6472,1,0.746,0.254,Sonny Sasso,0.746,1,0.7576,0.2424,Sonny Sasso,0.7576,1,0.8704,0.1296,Sonny Sasso,0.8704,197,True,0.7553000052452088
Sonny Sasso,Owen McGrory,Sonny Sasso,Owen McGrory,1,0.8326,0.1674,Sonny Sasso,0.8326,1,0.8898,0.1102,Sonny Sasso,0.8898,1,0.874,0.126,Sonny Sasso,0.874,1,0.95,0.05,Sonny Sasso,0.95,197,True,0.8866000002384186
Sonny Sasso,Mac Stout,Sonny Sasso,Mac Stout,1,0.5335,0.4665,Sonny Sasso,0.5335,0,0.469,0.531,Mac Stout,0.531,1,0.56,0.44,Sonny Sasso,0.56,1,0.7209,0.2791,Sonny Sasso,0.7209,197,False,0.5863500003814697
Steven Burrell,Owen McGrory,Steven Burrell,Owen McGrory,1,0.7325,0.2675,Steven Burrell,0.7325,1,0.746,0.254,Steven Burrell,0.746,1,0.8423,0.1577,Steven Burrell,0.8423,1,0.9616,0.0384,Steven Burrell,0.9616,197,True,0.8206000008583069
Steven Burrell,Mac Stout,Mac Stout,Steven Burrell,1,0.6184,0.3816,Mac Stout,0.6184,1,0.746,0.254,Mac Stout,0.746,1,0.7539,0.2461,Mac Stout,0.7539,1,0.844,0.156,Mac Stout,0.844,197,True,0.7405749933481216
Owen McGrory,Mac Stout,Mac Stout,Owen McGrory,1,0.8146,0.1854,Mac Stout,0.8146,1,0.8898,0.1102,Mac Stout,0.8898,1,0.9126,0.0874,Mac Stout,0.9126,1,0.9686,0.0314,Mac Stout,0.9686,197,True,0.8963999889850617
Isaac Trumble,Connor Barket,Isaac Trumble,Connor Barket,1,0.6096,0.3904,Isaac Trumble,0.6096,1,0.746,0.254,Isaac Trumble,0.746,1,0.6846,0.3154,Isaac Trumble,0.6846,1,0.9178,0.0822,Isaac Trumble,0.9178,285,True,0.7395000012159347
Isaac Trumble,Brenan Morgan,Isaac Trumble,Brenan Morgan,1,0.72,0.28,Isaac Trumble,0.72,1,0.746,0.254,Isaac Trumble,0.746,1,0.8342,0.1658,Isaac Trumble,0.8342,1,0.919,0.081,Isaac Trumble,0.919,285,True,0.8048000135421753
Isaac Trumble,Jim Mullen,Jim Mullen,Isaac Trumble,0,0.304,0.696,Isaac Trumble,0.696,0,0.1438,0.8562,Isaac Trumble,0.8562,0,0.1516,0.8484,Isaac Trumble,0.8484,0,0.1625,0.8375,Isaac Trumble,0.8375,285,True,0.8095249932289124
Isaac Trumble,Jacob Levy,Isaac Trumble,Jacob Levy,1,0.7501,0.2499,Isaac Trumble,0.7501,1,0.8898,0.1102,Isaac Trumble,0.8898,1,0.8721,0.1279,Isaac Trumble,0.8721,1,0.9329,0.0671,Isaac Trumble,0.9329,285,True,0.8612250017881393
Isaac Trumble,Luke Duthie,Isaac Trumble,Luke Duthie,1,0.8672,0.1328,Isaac Trumble,0.8672,1,0.8898,0.1102,Isaac Trumble,0.8898,1,0.8888,0.1112,Isaac Trumble,0.8888,1,0.8818,0.1182,Isaac Trumble,0.8818,285,True,0.8819000052213669
Isaac Trumble,Dayton Pitzer,Isaac Trumble,Dayton Pitzer,1,0.6437,0.3563,Isaac Trumble,0.6437,1,0.746,0.254,Isaac Trumble,0.746,1,0.7326,0.2674,Isaac Trumble,0.7326,1,0.7021,0.2979,Isaac Trumble,0.7021,285,True,0.7060999881505966
Connor Barket,Brenan Morgan,Connor Barket,Brenan Morgan,1,0.6245,0.3755,Connor Barket,0.6245,1,0.746,0.254,Connor Barket,0.746,1,0.6929,0.3071,Connor Barket,0.6929,0,0.3558,0.6442,Brenan Morgan,0.6442,285,False,0.6769000072479248
Connor Barket,Jim Mullen,Jim Mullen,Connor Barket,0,0.4031,0.5969,Connor Barket,0.5969,0,0.469,0.531,Connor Barket,0.531,0,0.2627,0.7373,Connor Barket,0.7373,1,0.7739,0.2261,Jim Mullen,0.7739,285,False,0.6597749877929687
Connor Barket,Jacob Levy,Connor Barket,Jacob Levy,1,0.66,0.34,Connor Barket,0.66,1,0.8898,0.1102,Connor Barket,0.8898,1,0.8688,0.1312,Connor Barket,0.8688,1,0.7411,0.2589,Connor Barket,0.7411,285,True,0.7899249994277955
Connor Barket,Luke Duthie,Connor Barket,Luke Duthie,1,0.8086,0.1914,Connor Barket,0.8086,1,0.8898,0.1102,Connor Barket,0.8898,1,0.8737,0.1263,Connor Barket,0.8737,1,0.5633,0.4367,Connor Barket,0.5633,285,True,0.783850009059906
Connor Barket,Dayton Pitzer,Dayton Pitzer,Connor Barket,0,0.4661,0.5339,Connor Barket,0.5339,0,0.469,0.531,Connor Barket,0.531,0,0.4636,0.5364,Connor Barket,0.5364,1,0.8631,0.1369,Dayton Pitzer,0.8631,285,False,0.6161000030994416
Brenan Morgan,Jim Mullen,Jim Mullen,Brenan Morgan,1,0.5265,0.4735,Jim Mullen,0.5265,1,0.6111,0.3889,Jim Mullen,0.6111,1,0.6482,0.3518,Jim Mullen,0.6482,1,0.9274,0.0726,Jim Mullen,0.9274,285,True,0.678299992108345
Brenan Morgan,Jacob Levy,Jacob Levy,Brenan Morgan,0,0.464,0.536,Brenan Morgan,0.536,0,0.2529,0.7471,Brenan Morgan,0.7471,0,0.2487,0.7513,Brenan Morgan,0.7513,0,0.3059,0.6941,Brenan Morgan,0.6941,285,True,0.6821249999046326
Brenan Morgan,Luke Duthie,Brenan Morgan,Luke Duthie,1,0.7195,0.2805,Brenan Morgan,0.7195,1,0.746,0.254,Brenan Morgan,0.746,1,0.8043,0.1957,Brenan Morgan,0.8043,1,0.7922,0.2078,Brenan Morgan,0.7922,285,True,0.7655000097751617
Brenan Morgan,Dayton Pitzer,Dayton Pitzer,Brenan Morgan,1,0.5898,0.4102,Dayton Pitzer,0.5898,1,0.6111,0.3889,Dayton Pitzer,0.6111,1,0.6539,0.3461,Dayton Pitzer,0.6539,1,0.8782,0.1218,Dayton Pitzer,0.8782,285,True,0.6832500054597854
Jim Mullen,Jacob Levy,Jim Mullen,Jacob Levy,1,0.5648,0.4352,Jim Mullen,0.5648,1,0.6111,0.3889,Jim Mullen,0.6111,1,0.7356,0.2644,Jim Mullen,0.7356,1,0.889,0.111,Jim Mullen,0.889,285,True,0.7001249983072281
Jim Mullen,Luke Duthie,Jim Mullen,Luke Duthie,1,0.7385,0.2615,Jim Mullen,0.7385,1,0.746,0.254,Jim Mullen,0.746,1,0.7728,0.2272,Jim Mullen,0.7728,1,0.8063,0.1937,Jim Mullen,0.8063,285,True,0.765900003194809
Jim Mullen,Dayton Pitzer,Jim Mullen,Dayton Pitzer,0,0.4386,0.5614,Dayton Pitzer,0.5614,0,0.469,0.531,Dayton Pitzer,0.531,0,0.4441,0.5559,Dayton Pitzer,0.5559,1,0.5273,0.4727,Jim Mullen,0.5273,285,False,0.543899994468689
Jacob Levy,Luke Duthie,Jacob Levy,Luke Duthie,1,0.6873,0.3127,Jacob Levy,0.6873,0,0.469,0.531,Luke Duthie,0.531,0,0.4952,0.5048,Luke Duthie,0.5048,0,0.3867,0.6133,Luke Duthie,0.6133,285,False,0.5841000117778778
Jacob Levy,Dayton Pitzer,Dayton Pitzer,Jacob Levy,1,0.6266,0.3734,Dayton Pitzer,0.6266,1,0.8898,0.1102,Dayton Pitzer,0.8898,1,0.8103,0.1897,Dayton Pitzer,0.8103,1,0.9128,0.0872,Dayton Pitzer,0.9128,285,True,0.8098750016450882
Luke Duthie,Dayton Pitzer,Dayton Pitzer,Luke Duthie,1,0.785,0.215,Dayton Pitzer,0.785,1,0.746,0.254,Dayton Pitzer,0.746,1,0.8108,0.1892,Dayton Pitzer,0.8108,1,0.8504,0.1496,Dayton Pitzer,0.8504,285,True,0.7980499967336655
